"Xi'an Jiaotong-Liverpool University" OR "Xi'an Jiaotong Liverpool"~10 OR text:"XJTLU" OR "XJTLU Entrepreneur College taicang"~10 OR ("XJTLU Entrepreneur College" AND "taicang") NOT ("Xi'an Jiaotong-Liverpool University Affiliated School") Articles,
Total Hits: ,137,

Date,Media Type,Media Outlet,Title,Link,Author,Sentiment,Desktop Readership,Mobile Readership,Total Readership,Shares,Ad Equivalency,Article Impact,SEO Impact,Tags,Country,State,City,

12/18/2023,News,Acrofan,Register now for the Citi Cup fintech competition,"=HYPERLINK(""http://app2.cision.com/redir?s=8500001916948817&startDate=1702836540000&endDate=1703009340000"", ""https://us.acrofan.com/detail.php?number=920261"")",,positive,2121,849,2971,0,$5.58548,Low,44.0,,United States,,,
12/18/2023,News,Technophile,Register now for the Citi Cup fintech competition,"=HYPERLINK(""http://app2.cision.com/redir?s=8500001916931047&startDate=1702807740000&endDate=1702980540000"", ""https://technophileph.com/pr-newswire/?rkey=20231217AE95944&filter=23995"")",,positive,622,4035,4657,0,$8.75516,Low,18.0,,Philippines,National Capital Region,,
12/18/2023,News,Tech Inside Out,Register now for the Citi Cup fintech competition,"=HYPERLINK(""http://app2.cision.com/redir?s=8500001916929986&startDate=1702807740000&endDate=1702980540000"", ""https://www.techinsideout.co/tech-releases/?rkey=20231217AE95944&filter=21681"")",,positive,206,500,706,0,$1.32728,Low,26.0,,United States,California,San Francisco,
12/18/2023,Blog,My Tech Quest,Register now for the Citi Cup fintech competition,"=HYPERLINK(""http://app2.cision.com/redir?s=8500001916930462&startDate=1702807740000&endDate=1702980540000"", ""https://mytechquest.com/prnewswire/?rkey=20231217AE95944&filter=11887"")",,positive,1292,308,1600,0,$3.008,Low,41.0,,Malaysia,Johor,,
12/18/2023,News,Decentralyze,Register now for the Citi Cup fintech competition,"=HYPERLINK(""http://app2.cision.com/redir?s=8500001916930627&startDate=1702807740000&endDate=1702980540000"", ""https://decentralyze.io/pr-news-2/?rkey=20231217AE95944&filter=24972"")",,positive,60,500,560,0,$1.0528,Low,9.0,,,,,
12/18/2023,News,Onetechavenue,Register now for the Citi Cup fintech competition,"=HYPERLINK(""http://app2.cision.com/redir?s=8500001916929915&startDate=1702807740000&endDate=1702980540000"", ""https://onetechavenue.com/newswire/?rkey=20231217AE95944&filter=10155"")",,positive,135,500,635,0,$1.1938,Low,23.0,,Philippines,Cebu,,
12/18/2023,News,Haps Magazine Korea,Register now for the Citi Cup fintech competition,"=HYPERLINK(""http://app2.cision.com/redir?s=8500001916930304&startDate=1702807740000&endDate=1702980540000"", ""https://www.hapskorea.com/pr-newswire/?rkey=20231217AE95944&filter=23880"")",,positive,10152,21012,31165,0,$58.5902,Low,40.0,,"Korea, Republic of",Busan Gwang'yeogsi [Pusan-Kwangyokshi],Busan,
12/18/2023,News,Uttarakhand News Network,Register now for the Citi Cup fintech competition,"=HYPERLINK(""http://app2.cision.com/redir?s=8500001916930710&startDate=1702807740000&endDate=1702980540000"", ""https://uttarakhandnewsnetwork.com/press-release-pr-news-wire/?rkey=20231217AE95944&filter=14497"")",,positive,1269,8074,9344,0,$17.56672,Low,30.0,,India,Uttaranchal,,
12/18/2023,News,One News Page,Register now for the Citi Cup fintech competition,"=HYPERLINK(""http://app2.cision.com/redir?s=8500001916930194&startDate=1702807740000&endDate=1702980540000"", ""https://www.onenewspage.com/prnewswire.php?rkey=20231217AE95944&filter=3968"")",,positive,26652,53416,80068,0,$150.52784,Low,62.0,,United States,New York,New York,
12/18/2023,Blog,VpnGeo.com,Register now for the Citi Cup fintech competition,"=HYPERLINK(""http://app2.cision.com/redir?s=8500001916930698&startDate=1702807740000&endDate=1702980540000"", ""https://vpngeo.com/prnewswire?rkey=20231217AE95944&filter=26172"")",,positive,104,500,604,0,$1.13552,Low,4.0,,United States,California,San Francisco,
12/18/2023,News,Data & Storage Asean,Register now for the Citi Cup fintech competition,"=HYPERLINK(""http://app2.cision.com/redir?s=8500001916931073&startDate=1702807740000&endDate=1702980540000"", ""https://datastorageasean.com/prnews/?rkey=20231217AE95944&filter=12173"")",,positive,5484,8513,13998,0,$26.31624,Low,38.0,,Malaysia,Selangor,Cyberjaya,
12/18/2023,News,T.U.B Investing,Register now for the Citi Cup fintech competition,"=HYPERLINK(""http://app2.cision.com/redir?s=8500001916931195&startDate=1702807740000&endDate=1702980540000"", ""https://www.tubinvesting.com/p/blog-page_16.html?rkey=20231217AE95944&filter=13330"")",,positive,445,500,945,0,$1.7766,Low,18.0,,Singapore,,,
12/18/2023,News,jimmyspost.com,Register now for the Citi Cup fintech competition,"=HYPERLINK(""http://app2.cision.com/redir?s=8500001916931982&startDate=1702790520000&endDate=1702963320000"", ""https://jimmyspost.com/register-now-for-the-citi-cup-fintech-competition"")",Jimmys Post,positive,231,432,664,0,$1.24832,Low,22.0,,United States,,,
12/18/2023,News,Castle Cove Investments,Register now for the Citi Cup fintech competition,"=HYPERLINK(""http://app2.cision.com/redir?s=8500001916930001&startDate=1702786140000&endDate=1702958940000"", ""http://cc-investments.com/prnewswire.php?rkey=20231217AE95944&filter=1637"")",,positive,291,91,382,0,$0.71816,Low,18.0,,United Kingdom,"London, City of",London,
12/18/2023,News,Business Chief,Register now for the Citi Cup fintech competition,"=HYPERLINK(""http://app2.cision.com/redir?s=8500001916930578&startDate=1702786140000&endDate=1702958940000"", ""https://businesschief.asia/pr_newswire?rkey=20231217AE95944&filter=22718"")",,neutral,5407,19240,24647,0,$46.33636,Low,32.0,,United Kingdom,Norfolk,Norwich,
12/18/2023,News,Business Daily Media,Register now for the Citi Cup fintech competition,"=HYPERLINK(""http://app2.cision.com/redir?s=8500001916930095&startDate=1702786140000&endDate=1702958940000"", ""https://www.businessdailymedia.com/news/press-releases?rkey=20231217AE95944&filter=24779"")",,positive,4645,4876,9522,0,$17.90136,Low,30.0,,Australia,New South Wales,Byron Bay,
12/18/2023,News,Central Charts,Register now for the Citi Cup fintech competition,"=HYPERLINK(""http://app2.cision.com/redir?s=8500001916940584&startDate=1702786140000&endDate=1702958940000"", ""https://www.centralcharts.com/en/news/4493668-register-now-for-the-citi-cup-fintech-competition"")",,positive,50946,80616,131562,0,$247.33656,Low,43.0,,France,Hauts-de-Seine,Rueil-Malmaison,
12/18/2023,News,Daily Sun,Register now for the Citi Cup fintech competition,"=HYPERLINK(""http://app2.cision.com/redir?s=8500001916930013&startDate=1702782540000&endDate=1702955340000"", ""https://dailysun.com.au/news/press-releases?rkey=20231217AE95944&filter=24793"")",,positive,187,500,687,0,$1.29156,Low,16.0,,Australia,New South Wales,Byron Bay,
12/18/2023,News,Central Charts,Register now for the Citi Cup fintech competition,"=HYPERLINK(""http://app2.cision.com/redir?s=8500001916940452&startDate=1702782540000&endDate=1702955340000"", ""https://www.centralcharts.com/fr/news/4493668-register-now-for-the-citi-cup-fintech-competition"")",,positive,50946,80616,131562,0,$247.33656,Low,43.0,,France,Hauts-de-Seine,Rueil-Malmaison,
12/18/2023,News,Kasi Broadcasting,Register now for the Citi Cup fintech competition,"=HYPERLINK(""http://app2.cision.com/redir?s=8500001916930150&startDate=1702778940000&endDate=1702951740000"", ""https://www.kasibroadcasting.com/pr-news-wire/?rkey=20231217AE95944&filter=25330"")",,positive,446,500,946,0,$1.77848,Low,11.0,,South Africa,Gauteng,Johannesburg,
12/18/2023,News,Rivers of Living Water Missions,Register now for the Citi Cup fintech competition,"=HYPERLINK(""http://app2.cision.com/redir?s=8500001916931000&startDate=1702778940000&endDate=1702951740000"", ""https://www.rolwms.org/pr-newswire?rkey=20231217AE95944&filter=25324"")",,positive,359,500,859,0,$1.61492,Low,3.0,,Zambia,Copperbelt,,
12/17/2023,News,Banking Frontiers,Register now for the Citi Cup fintech competition,"=HYPERLINK(""http://app2.cision.com/redir?s=8500001916930797&startDate=1702766340000&endDate=1702939140000"", ""https://bankingfrontiers.com/pr-newswire/?rkey=20231217AE95944&filter=3021"")",,positive,1312,452,1765,0,$3.3182,Low,30.0,,India,Maharashtra,Mumbai (ex Bombay),
12/17/2023,News,Sangri Times,Register now for the Citi Cup fintech competition,"=HYPERLINK(""http://app2.cision.com/redir?s=8500001916930946&startDate=1702766340000&endDate=1702939140000"", ""https://en.sangritimes.com/prnewswire?rkey=20231217AE95944&filter=21009"")",,positive,1431,500,1931,0,$3.63028,Low,10.0,,India,Rajasthan,Jaipur,
12/17/2023,News,mediabulletins.com,Register now for the Citi Cup fintech competition,"=HYPERLINK(""http://app2.cision.com/redir?s=8500001916930068&startDate=1702766340000&endDate=1702939140000"", ""http://mediabulletins.com/pr-newswire/?rkey=20231217AE95944&filter=4605"")",,positive,1089,500,1589,0,$2.98732,Low,32.0,,United States,,,
12/17/2023,News,Digital Conqurer,Register now for the Citi Cup fintech competition,"=HYPERLINK(""http://app2.cision.com/redir?s=8500001916930984&startDate=1702766340000&endDate=1702939140000"", ""https://digitalconqurer.com/prnewswire/technology/?rkey=20231217AE95944&filter=3833"")",,positive,4330,6603,10933,0,$20.55404,Low,42.0,,India,Maharashtra,Nasik,
12/17/2023,News,techdash.in,Register now for the Citi Cup fintech competition,"=HYPERLINK(""http://app2.cision.com/redir?s=8500001916930451&startDate=1702766340000&endDate=1702939140000"", ""https://techdash.in/pr-newswire/?rkey=20231217AE95944&filter=26476"")",,positive,993,500,1493,0,$2.80684,Low,17.0,,India,,,
12/17/2023,News,VietMis,Register now for the Citi Cup fintech competition,"=HYPERLINK(""http://app2.cision.com/redir?s=8500001916930240&startDate=1702760940000&endDate=1702933740000"", ""https://www.vietmis.com/pr-newswire-en.html?rkey=20231217AE95944&filter=21405"")",,positive,701,50,751,0,$1.41188,Low,9.0,,Viet Nam,Ho Chi Minh [Sai Gon],Bèn Nghè,
12/17/2023,News,Vietnam Business Consulting,Register now for the Citi Cup fintech competition,"=HYPERLINK(""http://app2.cision.com/redir?s=8500001916930989&startDate=1702760940000&endDate=1702933740000"", ""https://vietnam-business-consulting.com/pr-newswire/?rkey=20231217AE95944&filter=21296"")",,positive,80,500,580,0,$1.0904,Low,6.0,,Viet Nam,Ho Chi Minh [Sai Gon],Ho Chi Minh City,
12/17/2023,News,Cambodian Association of Finance and Technology,Register now for the Citi Cup fintech competition,"=HYPERLINK(""http://app2.cision.com/redir?s=8500001916930972&startDate=1702760940000&endDate=1702933740000"", ""https://www.caftkh.org/prnewswire?rkey=20231217AE95944&filter=23182"")",,positive,159,500,659,0,$1.23892,Low,15.0,,Cambodia,Phnom Penh [Phnum Pénh],,
12/17/2023,News,Connext,Register now for the Citi Cup fintech competition,"=HYPERLINK(""http://app2.cision.com/redir?s=8500001916930287&startDate=1702760940000&endDate=1702933740000"", ""https://connext.co.id/news/?rkey=20231217AE95944&filter=17249"")",,positive,229,500,729,0,$1.37052,Low,14.0,,Indonesia,Jakarta Raya,Jakarta UTC1,
12/17/2023,News,Vietnam Manufacturing Expo,Register now for the Citi Cup fintech competition,"=HYPERLINK(""http://app2.cision.com/redir?s=8500001916930575&startDate=1702760940000&endDate=1702933740000"", ""https://www.vme-expo.com/en-gb/Pr_Newswire.html?rkey=20231217AE95944&filter=24275"")",,positive,334,2660,2994,0,$5.62872,Low,31.0,,Viet Nam,Ha Noi,Ha Tay,
12/17/2023,News,Bambuup,Register now for the Citi Cup fintech competition,"=HYPERLINK(""http://app2.cision.com/redir?s=8500001916931180&startDate=1702760940000&endDate=1702933740000"", ""https://bambuup.com/news-by-prnewswire?rkey=20231217AE95944&filter=23620"")",,positive,386,3448,3834,0,$7.20792,Low,16.0,,Viet Nam,Ha Noi,,
12/17/2023,News,Tin Tức NFT,Register now for the Citi Cup fintech competition,"=HYPERLINK(""http://app2.cision.com/redir?s=8500001916930127&startDate=1702760940000&endDate=1702933740000"", ""https://tintucnft.com/pr-newswire?rkey=20231217AE95944&filter=23909"")",,positive,232,500,732,0,$1.37616,Low,8.0,,,,,
12/17/2023,News,Vietnam Innovative Startup Accelerator,Register now for the Citi Cup fintech competition,"=HYPERLINK(""http://app2.cision.com/redir?s=8500001916930366&startDate=1702760940000&endDate=1702933740000"", ""https://www.viisa.vn/show_iframe_component/1408044?rkey=20231217AE95944&filter=16275"")",,positive,199,500,699,0,$1.31412,Low,26.0,,Viet Nam,Ho Chi Minh [Sai Gon],Ho Chi Minh City,
12/17/2023,News,Saigon Economic Times,Register now for the Citi Cup fintech competition,"=HYPERLINK(""http://app2.cision.com/redir?s=8500001916930455&startDate=1702760940000&endDate=1702933740000"", ""https://english.thesaigontimes.vn/pr-newswire/?rkey=20231217AE95944&filter=23297"")",,positive,8951,6751,15703,0,$29.52164,Low,56.0,,Viet Nam,,,
12/17/2023,News,zonautara.com,Register now for the Citi Cup fintech competition,"=HYPERLINK(""http://app2.cision.com/redir?s=8500001916930290&startDate=1702760940000&endDate=1702933740000"", ""https://zonautara.com/news-release/?rkey=20231217AE95944&filter=19124"")",,neutral,3234,57214,60449,0,$113.64412,Low,25.0,,Indonesia,Sulawesi Utara,,
12/17/2023,News,PanaJournal,Register now for the Citi Cup fintech competition,"=HYPERLINK(""http://app2.cision.com/redir?s=8500001916929922&startDate=1702760940000&endDate=1702933740000"", ""http://www.panajournal.com/pr-newswire-feeds/?rkey=20231217AE95944&filter=2570"")",,neutral,105,500,605,0,$1.1374,Low,21.0,,Indonesia,,,
12/17/2023,News,TechSign.in,Register now for the Citi Cup fintech competition,"=HYPERLINK(""http://app2.cision.com/redir?s=8500001916930372&startDate=1702760940000&endDate=1702933740000"", ""https://www.techsignin.com/pr-newswire/?rkey=20231217AE95944&filter=15812"")",,positive,15233,28319,43552,0,$81.87776,Low,34.0,,Viet Nam,,,
12/17/2023,News,Construction Property,Register now for the Citi Cup fintech competition,"=HYPERLINK(""http://app2.cision.com/redir?s=8500001916930321&startDate=1702760940000&endDate=1702933740000"", ""https://www.construction-property.com/prnewswire/?rkey=20231217AE95944&filter=12065"")",,positive,7156,10861,18018,N/A,$33.87384,Low,29.0,,Cambodia,,,
12/17/2023,News,The Inside Out,Register now for the Citi Cup fintech competition,"=HYPERLINK(""http://app2.cision.com/redir?s=8500001916930603&startDate=1702760940000&endDate=1702933740000"", ""https://insideout.vn/pr-newswire/?rkey=20231217AE95944&filter=24501"")",,positive,422,500,922,0,$1.73336,Low,18.0,,Viet Nam,,,
12/17/2023,News,Chuyên trang tin tức cập nhật 24/7 toàn cảnh về thị trường tiền điện tử,Register now for the Citi Cup fintech competition,"=HYPERLINK(""http://app2.cision.com/redir?s=8500001916930116&startDate=1702760940000&endDate=1702933740000"", ""https://ktsonchain.com/pr-newswire/?rkey=20231217AE95944&filter=24165"")",,positive,199,500,699,0,$1.31412,Low,2.0,,,,,
12/17/2023,News,Buletin Kpop Malaysia,Register now for the Citi Cup fintech competition,"=HYPERLINK(""http://app2.cision.com/redir?s=8500001916930179&startDate=1702757340000&endDate=1702930140000"", ""https://buletinkpop.com/prnewswire/?rkey=20231217AE95944&filter=21887"")",,neutral,500,500,1000,0,$1.88,Low,5.0,,Malaysia,Wilayah Persekutuan Kuala Lumpur,,
12/17/2023,News,Value Invest Asia,Register now for the Citi Cup fintech competition,"=HYPERLINK(""http://app2.cision.com/redir?s=8500001916931094&startDate=1702757340000&endDate=1702930140000"", ""https://valueinvestasia.com/press-release/?rkey=20231217AE95944&filter=12669"")",,positive,697,3272,3970,0,$7.4636,Low,39.0,,Singapore,,,
12/17/2023,Blog,Property Insight,Register now for the Citi Cup fintech competition,"=HYPERLINK(""http://app2.cision.com/redir?s=8500001916929927&startDate=1702757340000&endDate=1702930140000"", ""http://propertyinsight.com.my/newswire/?rkey=20231217AE95944&filter=8345"")",,positive,123,500,623,0,$1.17124,Low,28.0,,Malaysia,,,
12/17/2023,Blog,Noisy Noisy Man,Register now for the Citi Cup fintech competition,"=HYPERLINK(""http://app2.cision.com/redir?s=8500001916929966&startDate=1702757340000&endDate=1702930140000"", ""https://blog.ademagnaye.com/prnewswire/?rkey=20231217AE95944&filter=20505"")",,positive,700,500,1200,0,$2.256,Low,34.0,,Philippines,,,
12/17/2023,News,Crisis Management Centre,Register now for the Citi Cup fintech competition,"=HYPERLINK(""http://app2.cision.com/redir?s=8500001916929928&startDate=1702757340000&endDate=1702930140000"", ""https://www.crisismanagementcentre.com/prnewswire/?rkey=20231217AE95944&filter=12386"")",,positive,202,500,702,0,$1.31976,Low,13.0,,Malaysia,Wilayah Persekutuan Kuala Lumpur,,
12/17/2023,News,Top 10 of Asia,Register now for the Citi Cup fintech competition,"=HYPERLINK(""http://app2.cision.com/redir?s=8500001916930875&startDate=1702757340000&endDate=1702930140000"", ""https://www.top10asia.org/main/pr-newswire/?rkey=20231217AE95944&filter=15390"")",,positive,1256,3959,5215,0,$9.8042,Low,20.0,,Hong Kong,,,
12/17/2023,News,Entrepreneur Insight,Register now for the Citi Cup fintech competition,"=HYPERLINK(""http://app2.cision.com/redir?s=8500001916930900&startDate=1702757340000&endDate=1702930140000"", ""http://entrepreneurinsight.com.my/newswire/?rkey=20231217AE95944&filter=8351"")",,neutral,264,12,277,0,$0.52076,Low,28.0,,Malaysia,,,
12/17/2023,News,MAD Incubator,Register now for the Citi Cup fintech competition,"=HYPERLINK(""http://app2.cision.com/redir?s=8500001916930571&startDate=1702757340000&endDate=1702930140000"", ""https://www.incubator.com.my/prnewswire/?rkey=20231217AE95944&filter=11631"")",,positive,206,500,706,0,$1.32728,Low,27.0,,Malaysia,Selangor,Subang Jaya,
12/17/2023,News,The Vent Machine,Register now for the Citi Cup fintech competition,"=HYPERLINK(""http://app2.cision.com/redir?s=8500001916930988&startDate=1702757340000&endDate=1702930140000"", ""https://theventmachine.com/travel-tourism-hospitality-newswire/?rkey=20231217AE95944&filter=23096"")",,positive,456,2841,3298,0,$6.20024,Low,16.0,,Singapore,,,
12/17/2023,News,disruptivetechasia.com,Register now for the Citi Cup fintech competition,"=HYPERLINK(""http://app2.cision.com/redir?s=8500001916930994&startDate=1702757340000&endDate=1702930140000"", ""https://disruptivetechasia.com/prnews/?rkey=20231217AE95944&filter=23851"")",,neutral,188,500,688,0,$1.29344,Low,32.0,,Malaysia,,,
12/17/2023,News,Asia Bars & Restaurants,Register now for the Citi Cup fintech competition,"=HYPERLINK(""http://app2.cision.com/redir?s=8500001916931087&startDate=1702757340000&endDate=1702930140000"", ""https://www.asia-bars.com/pr-newswire/?rkey=20231217AE95944&filter=13557"")",,positive,3390,4212,7603,0,$14.29364,Low,50.0,,Singapore,,,
12/17/2023,News,WAZZUP PHILIPPINES,Register now for the Citi Cup fintech competition,"=HYPERLINK(""http://app2.cision.com/redir?s=8500001916930992&startDate=1702757340000&endDate=1702930140000"", ""http://www.wazzup.ph/newswire/?rkey=20231217AE95944&filter=20274"")",,positive,2757,19770,22528,0,$42.35264,Low,26.0,,Philippines,Quezon,,
12/17/2023,Blog,The Finance.sg,Register now for the Citi Cup fintech competition,"=HYPERLINK(""http://app2.cision.com/redir?s=8500001916930393&startDate=1702757340000&endDate=1702930140000"", ""https://thefinance.sg/pr-newswire/?rkey=20231217AE95944&filter=19895"")",,positive,5994,88903,94897,0,$178.40636,Low,30.0,,Singapore,,,
12/17/2023,News,Weekender,Register now for the Citi Cup fintech competition,"=HYPERLINK(""http://app2.cision.com/redir?s=8500001916930071&startDate=1702757340000&endDate=1702930140000"", ""https://weekender.com.sg/pr-newswire-asia/?rkey=20231217AE95944&filter=24804"")",,positive,1592,18860,20453,0,$38.45164,Low,46.0,,Singapore,Singapore - No State,,
12/17/2023,News,Niaga Times | Business Times,Register now for the Citi Cup fintech competition,"=HYPERLINK(""http://app2.cision.com/redir?s=8500001916930633&startDate=1702757340000&endDate=1702930140000"", ""https://www.niagatimes.com/prnewswire/en/?rkey=20231217AE95944&filter=15437"")",,positive,650,376,1026,0,$1.92888,Low,21.0,,Malaysia,Wilayah Persekutuan Kuala Lumpur,,
12/17/2023,Blog,urbantechnoobs,Register now for the Citi Cup fintech competition,"=HYPERLINK(""http://app2.cision.com/redir?s=8500001916931020&startDate=1702757340000&endDate=1702930140000"", ""https://www.urbantechnoobs.com/newswire?rkey=20231217AE95944&filter=20390"")",,positive,644,41,685,0,$1.2878,Low,12.0,,United States,,,
12/17/2023,News,Industrial Guide Asia,Register now for the Citi Cup fintech competition,"=HYPERLINK(""http://app2.cision.com/redir?s=8500001916930467&startDate=1702757340000&endDate=1702930140000"", ""https://www.iiga.news/newswire?rkey=20231217AE95944&filter=22840"")",,positive,369,645,1014,0,$1.90632,Low,13.0,,Singapore,Singapore - No State,,
12/17/2023,Blog,Franchise Manila,Register now for the Citi Cup fintech competition,"=HYPERLINK(""http://app2.cision.com/redir?s=8500001916930605&startDate=1702757340000&endDate=1702930140000"", ""https://franchisemanila.com/news/?rkey=20231217AE95944&filter=25241"")",,positive,4077,14450,18527,0,$34.83076,Low,58.0,,United States,,,
12/17/2023,News,SmallCapAsia,Register now for the Citi Cup fintech competition,"=HYPERLINK(""http://app2.cision.com/redir?s=8500001916930728&startDate=1702757340000&endDate=1702930140000"", ""https://www.smallcapasia.com/latest-news/?rkey=20231217AE95944&filter=13192"")",,positive,1182,4530,5712,0,$10.73856,Low,32.0,,Singapore,,,
12/17/2023,News,Fab! Luxe,Register now for the Citi Cup fintech competition,"=HYPERLINK(""http://app2.cision.com/redir?s=8500001916930978&startDate=1702757340000&endDate=1702930140000"", ""https://fabluxe.world/fab-news/?rkey=20231217AE95944&filter=23234"")",,positive,528,500,1028,0,$1.93264,Low,7.0,,Malaysia,Wilayah Persekutuan Kuala Lumpur,,
12/17/2023,News,rolfsuey.com,Register now for the Citi Cup fintech competition,"=HYPERLINK(""http://app2.cision.com/redir?s=8500001916930538&startDate=1702757340000&endDate=1702930140000"", ""https://rolfsuey.com/home/pr-newswire/?rkey=20231217AE95944&filter=20783"")",,positive,228,1357,1586,0,$2.98168,Low,19.0,,Singapore,,Singapore,
12/17/2023,News,Education + TVET Asia,Register now for the Citi Cup fintech competition,"=HYPERLINK(""http://app2.cision.com/redir?s=8500001916930639&startDate=1702757340000&endDate=1702930140000"", ""https://educationtvet.com/pr-newswire/?rkey=20231217AE95944&filter=19761"")",,positive,125,500,625,0,$1.175,Low,12.0,,Malaysia,Wilayah Persekutuan Kuala Lumpur,,
12/17/2023,News,Desfran,Register now for the Citi Cup fintech competition,"=HYPERLINK(""http://app2.cision.com/redir?s=8500001916931171&startDate=1702757340000&endDate=1702930140000"", ""https://www.desfran.com/news/?rkey=20231217AE95944&filter=20065"")",,positive,806,4979,5785,0,$10.8758,Low,27.0,,Singapore,,,
12/17/2023,Blog,Re-ThinkWealth,Register now for the Citi Cup fintech competition,"=HYPERLINK(""http://app2.cision.com/redir?s=8500001916930881&startDate=1702757340000&endDate=1702930140000"", ""https://www.re-thinkwealth.com/industry-news-pr-newswire/?rkey=20231217AE95944&filter=22771"")",,positive,245,500,745,0,$1.4006,Low,27.0,,Singapore,,,
12/17/2023,News,ASEAN Briefing,Register now for the Citi Cup fintech competition,"=HYPERLINK(""http://app2.cision.com/redir?s=8500001916930549&startDate=1702757340000&endDate=1702930140000"", ""https://www.aseanbriefing.com/news/partnernews?rkey=20231217AE95944&filter=3394"")",,positive,64109,122654,186764,0,$351.11632,Medium,56.0,,Hong Kong,,,
12/17/2023,Blog,RainbowDiaries,Register now for the Citi Cup fintech competition,"=HYPERLINK(""http://app2.cision.com/redir?s=8500001916930293&startDate=1702757340000&endDate=1702930140000"", ""http://rainbowdiaries.com/latest-news-and-updates/?rkey=20231217AE95944&filter=22836"")",,positive,461,1678,2140,0,$4.0232,Low,24.0,,Singapore,,Singapore,
12/17/2023,News,The Malaysia Voice,Register now for the Citi Cup fintech competition,"=HYPERLINK(""http://app2.cision.com/redir?s=8500001916930715&startDate=1702757340000&endDate=1702930140000"", ""http://themalaysiavoice.com/prnewswire/?rkey=20231217AE95944&filter=22824"")",,positive,115,4761,4876,0,$9.16688,Low,10.0,,Malaysia,Wilayah Persekutuan Kuala Lumpur,,
12/17/2023,News,VCNewsNetwork,Register now for the Citi Cup fintech competition,"=HYPERLINK(""http://app2.cision.com/redir?s=8500001916929918&startDate=1702757340000&endDate=1702930140000"", ""https://www.vcnewsnetwork.com/prnewswire/?rkey=20231217AE95944&filter=10424"")",,positive,70,500,570,0,$1.0716,Low,23.0,,Malaysia,Wilayah Persekutuan Kuala Lumpur,Selangkor,
12/17/2023,News,Association for Blockchain Asia,Register now for the Citi Cup fintech competition,"=HYPERLINK(""http://app2.cision.com/redir?s=8500001916930622&startDate=1702757340000&endDate=1702930140000"", ""https://associationblockchainasia.org/pr-newswire/?rkey=20231217AE95944&filter=26093"")",,positive,214,500,714,0,$1.34232,Low,14.0,,Singapore,Singapore - No State,,
12/17/2023,Blog,GOkpop Malaysia,Register now for the Citi Cup fintech competition,"=HYPERLINK(""http://app2.cision.com/redir?s=8500001916930204&startDate=1702757340000&endDate=1702930140000"", ""https://www.gokpop.co/p/prnewswire.html?rkey=20231217AE95944&filter=12055"")",,positive,1535,7763,9298,0,$17.48024,Low,21.0,,Malaysia,,,
12/17/2023,News,Vulcan Post,Register now for the Citi Cup fintech competition,"=HYPERLINK(""http://app2.cision.com/redir?s=8500001916931176&startDate=1702757340000&endDate=1702930140000"", ""https://vulcanpost.com/newswire/?rkey=20231217AE95944&filter=25525"")",,positive,81850,578826,660676,0,$1242.07088,Medium,71.0,,Singapore,Singapore - No State,,
12/17/2023,News,The Adventures of Vesper,Register now for the Citi Cup fintech competition,"=HYPERLINK(""http://app2.cision.com/redir?s=8500001916930898&startDate=1702757340000&endDate=1702930140000"", ""https://tavesper.tech/pr-newswire/?rkey=20231217AE95944&filter=8389"")",,positive,3545,3162,6707,0,$12.60916,Low,32.0,,Malaysia,Wilayah Persekutuan Kuala Lumpur,,
12/17/2023,News,Business Diary Ph,Register now for the Citi Cup fintech competition,"=HYPERLINK(""http://app2.cision.com/redir?s=8500001916930963&startDate=1702757340000&endDate=1702930140000"", ""https://businessdiary.com.ph/businessnews/?rkey=20231217AE95944&filter=8945"")",,positive,14037,23274,37312,0,$70.14656,Low,46.0,,Philippines,,,
12/17/2023,Blog,Tech Slack,Register now for the Citi Cup fintech competition,"=HYPERLINK(""http://app2.cision.com/redir?s=8500001916929948&startDate=1702757340000&endDate=1702930140000"", ""https://www.techslack.com/prnewswire?rkey=20231217AE95944&filter=6190"")",,positive,122,23,146,0,$0.27448,Low,23.0,,Malaysia,Selangor,Bangi,
12/17/2023,News,gadgetmtech.com,Register now for the Citi Cup fintech competition,"=HYPERLINK(""http://app2.cision.com/redir?s=8500001916930378&startDate=1702757340000&endDate=1702930140000"", ""https://gadgetmtech.com/prnewswire/?rkey=20231217AE95944&filter=18101"")",,positive,1061,3683,4745,0,$8.9206,Low,32.0,,United States,,,
12/17/2023,News,Blocklime,Register now for the Citi Cup fintech competition,"=HYPERLINK(""http://app2.cision.com/redir?s=8500001916931043&startDate=1702757340000&endDate=1702930140000"", ""https://www.blocklime.com/press?rkey=20231217AE95944&filter=16766"")",,positive,242,500,742,0,$1.39496,Low,23.0,,,,,
12/17/2023,Blog,Hpility SG,Register now for the Citi Cup fintech competition,"=HYPERLINK(""http://app2.cision.com/redir?s=8500001916931197&startDate=1702757340000&endDate=1702930140000"", ""https://www.hpility.sg/news/?rkey=20231217AE95944&filter=21063"")",,positive,313,784,1097,0,$2.06236,Low,25.0,,Singapore,,,
12/17/2023,News,KakiDIY,Register now for the Citi Cup fintech competition,"=HYPERLINK(""http://app2.cision.com/redir?s=8500001916930278&startDate=1702757340000&endDate=1702930140000"", ""http://kakidiy.com/news.html?rkey=20231217AE95944&filter=18823"")",,positive,562,500,1062,0,$1.99656,Low,16.0,,Malaysia,Selangor,Cyberjaya,
12/17/2023,News,Bravo Filipino,Register now for the Citi Cup fintech competition,"=HYPERLINK(""http://app2.cision.com/redir?s=8500001916930768&startDate=1702757340000&endDate=1702930140000"", ""https://bravofilipino.com/pr-newswire/?rkey=20231217AE95944&filter=21607"")",,positive,280,44,325,0,$0.611,Low,55.0,,Philippines,,,
12/17/2023,News,News Hub Asia,Register now for the Citi Cup fintech competition,"=HYPERLINK(""http://app2.cision.com/redir?s=8500001916931189&startDate=1702757340000&endDate=1702930140000"", ""https://www.newshubasia.com/prnewswire/?rkey=20231217AE95944&filter=17397"")",,positive,940,21083,22023,N/A,$41.40324,Low,27.0,,Malaysia,Wilayah Persekutuan Kuala Lumpur,,
12/17/2023,News,www.tangenghui.com,Register now for the Citi Cup fintech competition,"=HYPERLINK(""http://app2.cision.com/redir?s=8500001916930042&startDate=1702757340000&endDate=1702930140000"", ""https://www.tangenghui.com/technology-consumer-electronics-newswire?rkey=20231217AE95944&filter=23094"")",,positive,1014,49,1064,0,$2.00032,Low,31.0,,United States,,,
12/17/2023,News,Asian Insurance Directory,Register now for the Citi Cup fintech competition,"=HYPERLINK(""http://app2.cision.com/redir?s=8500001916930626&startDate=1702757340000&endDate=1702930140000"", ""https://www.asiainsurancereview.com/PRNews?rkey=20231217AE95944&filter=6390"")",,positive,6089,13241,19330,0,$36.3404,Low,45.0,,United States,,,
12/17/2023,Blog,WalasTech,Register now for the Citi Cup fintech competition,"=HYPERLINK(""http://app2.cision.com/redir?s=8500001916929977&startDate=1702757340000&endDate=1702930140000"", ""https://walastech.com/prnewswire/?rkey=20231217AE95944&filter=20912"")",,positive,1303,5791,7095,0,$13.3386,Low,26.0,,Philippines,,,
12/17/2023,News,GISF (HK),Register now for the Citi Cup fintech competition,"=HYPERLINK(""http://app2.cision.com/redir?s=8500001916930594&startDate=1702757340000&endDate=1702930140000"", ""https://gisf.hk/index.php/en/market-info-eng/pr-newswire?rkey=20231217AE95944&filter=9826"")",,positive,87,500,587,0,$1.10356,Low,22.0,,Hong Kong,,,
12/17/2023,Blog,kayburn.blog,Register now for the Citi Cup fintech competition,"=HYPERLINK(""http://app2.cision.com/redir?s=8500001916930363&startDate=1702757340000&endDate=1702930140000"", ""https://www.kayburn.blog/pr-newswire-2/?rkey=20231217AE95944&filter=19475"")",,positive,319,500,819,0,$1.53972,Low,20.0,,Australia,Western Australia,Perth,
12/17/2023,News,Asean Food Travel,Register now for the Citi Cup fintech competition,"=HYPERLINK(""http://app2.cision.com/redir?s=8500001916931008&startDate=1702757340000&endDate=1702930140000"", ""https://aseanfoodtravel.com/prnewswire/?rkey=20231217AE95944&filter=19726"")",,positive,306,500,806,0,$1.51528,Low,17.0,,Malaysia,Wilayah Persekutuan Kuala Lumpur,,
12/17/2023,News,Infocommguide.com,Register now for the Citi Cup fintech competition,"=HYPERLINK(""http://app2.cision.com/redir?s=8500001916930991&startDate=1702757340000&endDate=1702930140000"", ""https://www.infocommguide.com/pr-newswire/?rkey=20231217AE95944&filter=5593"")",,positive,89,500,589,0,$1.10732,Low,11.0,,Singapore,,,
12/17/2023,News,The Chief Officer,Register now for the Citi Cup fintech competition,"=HYPERLINK(""http://app2.cision.com/redir?s=8500001916930445&startDate=1702757340000&endDate=1702930140000"", ""https://www.thechiefofficer.com/rss/news?rkey=20231217AE95944&filter=19774"")",,positive,175,500,675,0,$1.269,Low,11.0,,Malaysia,Wilayah Persekutuan Kuala Lumpur,,
12/17/2023,News,www.digfingroup.com,Register now for the Citi Cup fintech competition,"=HYPERLINK(""http://app2.cision.com/redir?s=8500001916930531&startDate=1702757340000&endDate=1702930140000"", ""https://www.digfingroup.com/company-news/?rkey=20231217AE95944&filter=26200"")",,positive,3558,112,3670,0,$6.8996,Low,38.0,,Hong Kong,,,
12/17/2023,News,NEW GRAVITē,Register now for the Citi Cup fintech competition,"=HYPERLINK(""http://app2.cision.com/redir?s=8500001916931184&startDate=1702757340000&endDate=1702930140000"", ""https://www.newgravite.com/news/?rkey=20231217AE95944&filter=19627"")",,positive,365,500,865,0,$1.6262,Low,17.0,,Singapore,,,
12/17/2023,News,100comments,Register now for the Citi Cup fintech competition,"=HYPERLINK(""http://app2.cision.com/redir?s=8500001916930873&startDate=1702757340000&endDate=1702930140000"", ""https://100comments.com/prnewswire/?rkey=20231217AE95944&filter=11563"")",,positive,9716,63338,73054,0,$137.34152,Low,31.0,,Malaysia,Wilayah Persekutuan Kuala Lumpur,,
12/17/2023,News,BorneoNews.Net,Register now for the Citi Cup fintech competition,"=HYPERLINK(""http://app2.cision.com/redir?s=8500001916930926&startDate=1702757340000&endDate=1702930140000"", ""http://borneonews.net/pr-newswire/?rkey=20231217AE95944&filter=16233"")",,neutral,976,816,1792,0,$3.36896,Low,22.0,,Malaysia,Sabah,,
12/17/2023,News,bitpinas.com,Register now for the Citi Cup fintech competition,"=HYPERLINK(""http://app2.cision.com/redir?s=8500001916931004&startDate=1702757340000&endDate=1702930140000"", ""https://bitpinas.com/pr-newswire/?rkey=20231217AE95944&filter=25322"")",,neutral,20722,25884,46607,0,$87.62116,Low,34.0,,United States,,,
12/17/2023,News,MyEverydayTech.com,Register now for the Citi Cup fintech competition,"=HYPERLINK(""http://app2.cision.com/redir?s=8500001916930346&startDate=1702757340000&endDate=1702930140000"", ""https://www.myeverydaytech.com/prnewswire/?rkey=20231217AE95944&filter=18689"")",,positive,1115,10882,11998,0,$22.55624,Low,29.0,,Malaysia,,,
12/17/2023,News,en.hteknologi.com,Register now for the Citi Cup fintech competition,"=HYPERLINK(""http://app2.cision.com/redir?s=8500001916929920&startDate=1702757340000&endDate=1702930140000"", ""https://en.hteknologi.com/prnewswire/?rkey=20231217AE95944&filter=24744"")",,positive,104,500,604,0,$1.13552,Low,24.0,,Malaysia,,,
12/17/2023,News,China Briefing,Register now for the Citi Cup fintech competition,"=HYPERLINK(""http://app2.cision.com/redir?s=8500001916929946&startDate=1702753740000&endDate=1702926540000"", ""https://www.china-briefing.com/news/partnernews/?rkey=20231217AE95944&filter=3396"")",,neutral,100240,97085,197325,0,$370.971,Medium,63.0,,China,Beijing,Beijing,
12/17/2023,News,Startup News Asia,Register now for the Citi Cup fintech competition,"=HYPERLINK(""http://app2.cision.com/redir?s=8500001916931172&startDate=1702751940000&endDate=1702924740000"", ""https://www.startupnewsasia.com/pr-newswire-asia?rkey=20231217AE95944&filter=21049"")",,positive,165,500,665,0,$1.2502,Low,19.0,,Australia,Victoria,Melbourne,
12/17/2023,News,Telegraph,Register now for the Citi Cup fintech competition,"=HYPERLINK(""http://app2.cision.com/redir?s=8500001916930776&startDate=1702751940000&endDate=1702924740000"", ""https://www.telegraph.net.au/news/press-releases?rkey=20231217AE95944&filter=24775"")",,positive,504,1434,1938,0,$3.64344,Low,22.0,,Australia,New South Wales,Byron Bay,
12/17/2023,News,THE TIMES,Register now for the Citi Cup fintech competition,"=HYPERLINK(""http://app2.cision.com/redir?s=8500001916930450&startDate=1702751940000&endDate=1702924740000"", ""https://thetimes.com.au/news/press-releases?rkey=20231217AE95944&filter=24774"")",,positive,1007,2799,3807,0,$7.15716,Low,23.0,,Australia,New South Wales,Byron Bay,
12/17/2023,News,www.businesses.com.au,Register now for the Citi Cup fintech competition,"=HYPERLINK(""http://app2.cision.com/redir?s=8500001916931061&startDate=1702751940000&endDate=1702924740000"", ""https://www.businesses.com.au/news/press-releases?rkey=20231217AE95944&filter=24767"")",,positive,1391,1975,3367,0,$6.32996,Low,33.0,,Australia,,,
12/17/2023,News,NewsBlaze Australia,Register now for the Citi Cup fintech competition,"=HYPERLINK(""http://app2.cision.com/redir?s=8500001916931098&startDate=1702751940000&endDate=1702924740000"", ""https://newsblaze.com.au/latest-news-pr-newswire?rkey=20231217AE95944&filter=12968"")",,positive,225,500,725,0,$1.363,Low,15.0,,Australia,South Australia,Murray Bridge,
12/17/2023,News,ModernAustralian.com,Register now for the Citi Cup fintech competition,"=HYPERLINK(""http://app2.cision.com/redir?s=8500001916930456&startDate=1702751940000&endDate=1702924740000"", ""https://www.modernaustralian.com/news/press-releases?rkey=20231217AE95944&filter=24783"")",,positive,1055,2594,3649,0,$6.86012,Low,31.0,,Australia,New South Wales,Sydney,
12/17/2023,News,News Pronto,Register now for the Citi Cup fintech competition,"=HYPERLINK(""http://app2.cision.com/redir?s=8500001916930365&startDate=1702751940000&endDate=1702924740000"", ""https://www.newspronto.com/business/press-releases?rkey=20231217AE95944&filter=24772"")",,positive,364,1219,1583,0,$2.97604,Low,25.0,,Australia,New South Wales,Parramatta,
12/17/2023,News,The Bulletin,Register now for the Citi Cup fintech competition,"=HYPERLINK(""http://app2.cision.com/redir?s=8500001916931044&startDate=1702751940000&endDate=1702924740000"", ""https://thebulletin.net.au/news/press-releases?rkey=20231217AE95944&filter=24765"")",,positive,363,500,863,0,$1.62244,Low,20.0,,Australia,New South Wales,Byron Bay,
12/17/2023,News,Micro Investor,Register now for the Citi Cup fintech competition,"=HYPERLINK(""http://app2.cision.com/redir?s=8500001916930004&startDate=1702751940000&endDate=1702924740000"", ""https://www.microinvestor.com.au/news/press-releases?rkey=20231217AE95944&filter=24788"")",,positive,290,500,790,0,$1.4852,Low,5.0,,Australia,New South Wales,Byron Bay,
12/17/2023,News,Sky Digital Media,Register now for the Citi Cup fintech competition,"=HYPERLINK(""http://app2.cision.com/redir?s=8500001916930986&startDate=1702751940000&endDate=1702924740000"", ""https://skydigital.com.au/news/press-releases?rkey=20231217AE95944&filter=24770"")",,positive,172,500,672,0,$1.26336,Low,8.0,,Australia,New South Wales,Byron Bay,
12/17/2023,Blog,dailybulletin.com.au,Register now for the Citi Cup fintech competition,"=HYPERLINK(""http://app2.cision.com/redir?s=8500001916931191&startDate=1702751940000&endDate=1702924740000"", ""https://dailybulletin.com.au/news/press-releases?rkey=20231217AE95944&filter=24764"")",,positive,3057,1326,4383,0,$8.24004,Low,35.0,,Australia,New South Wales,,
12/17/2023,News,Hashtag,Register now for the Citi Cup fintech competition,"=HYPERLINK(""http://app2.cision.com/redir?s=8500001916930879&startDate=1702751940000&endDate=1702924740000"", ""https://hashtag.net.au/news/press-releases?rkey=20231217AE95944&filter=24776"")",,positive,612,747,1359,0,$2.55492,Low,22.0,,Australia,New South Wales,Sydney,
12/17/2023,News,Defence Review Asia,Register now for the Citi Cup fintech competition,"=HYPERLINK(""http://app2.cision.com/redir?s=8500001916930488&startDate=1702751940000&endDate=1702924740000"", ""https://defencereviewasia.com/pr-newswire/?rkey=20231217AE95944&filter=20894"")",,positive,815,2645,3460,0,$6.5048,Low,30.0,,Singapore,,,
12/17/2023,News,Guest Posting Australia,Register now for the Citi Cup fintech competition,"=HYPERLINK(""http://app2.cision.com/redir?s=8500001916930443&startDate=1702751940000&endDate=1702924740000"", ""https://www.guestposting.com.au/news/press-releases?rkey=20231217AE95944&filter=24790"")",,positive,83,500,583,0,$1.09604,Low,9.0,,Australia,New South Wales,Byron Bay,
12/17/2023,News,Auzzi,Register now for the Citi Cup fintech competition,"=HYPERLINK(""http://app2.cision.com/redir?s=8500001916930495&startDate=1702751940000&endDate=1702924740000"", ""https://www.auzzi.com.au/news/press-releases?rkey=20231217AE95944&filter=24792"")",,positive,688,2148,2836,0,$5.33168,Low,16.0,,Australia,New South Wales,Byron Bay,
12/17/2023,News,Weekend Times,Register now for the Citi Cup fintech competition,"=HYPERLINK(""http://app2.cision.com/redir?s=8500001916930093&startDate=1702751940000&endDate=1702924740000"", ""https://weekendtimes.com.au/news/press-releases?rkey=20231217AE95944&filter=24801"")",,positive,121,500,621,0,$1.16748,Low,11.0,,Australia,New South Wales,Byron Bay,
12/17/2023,News,Viw,Register now for the Citi Cup fintech competition,"=HYPERLINK(""http://app2.cision.com/redir?s=8500001916930332&startDate=1702751940000&endDate=1702924740000"", ""https://www.viw.com.au/index.php/news/press-releases?rkey=20231217AE95944&filter=24768"")",,positive,429,276,706,0,$1.32728,Low,29.0,,Australia,New South Wales,Byron Bay,
12/17/2023,News,Pitch Engine Australia,Register now for the Citi Cup fintech competition,"=HYPERLINK(""http://app2.cision.com/redir?s=8500001916929959&startDate=1702751940000&endDate=1702924740000"", ""https://www.pitchengine.com.au/news/press-releases?rkey=20231217AE95944&filter=24781"")",,positive,410,500,910,0,$1.7108,Low,13.0,,Australia,New South Wales,Byron Bay,
12/17/2023,News,The Insiders Business News,Register now for the Citi Cup fintech competition,"=HYPERLINK(""http://app2.cision.com/redir?s=8500001916930619&startDate=1702751940000&endDate=1702924740000"", ""https://www.theinsiders.com.au/news/press-releases?rkey=20231217AE95944&filter=24782"")",,positive,211,500,711,0,$1.33668,Low,11.0,,Australia,New South Wales,Byron Bay,
12/17/2023,News,Kalkine Media,Register now for the Citi Cup fintech competition,"=HYPERLINK(""http://app2.cision.com/redir?s=8500001916948445&startDate=1702737000000&endDate=1702909800000"", ""https://kalkinemedia.com/news/prnews/register-now-for-the-citi-cup-fintech-competition"")",,positive,22303,30975,53278,0,$100.16264,Low,58.0,,Australia,New South Wales,Sydney,
12/17/2023,News,Yahoo! Finance,Register now for the Citi Cup fintech competition,"=HYPERLINK(""http://app2.cision.com/redir?s=8500001916920965&startDate=1702706400000&endDate=1702879200000"", ""https://finance.yahoo.com/news/register-now-citi-cup-fintech-040900974.html"")",,positive,18310810,28590847,46901657,0,$88175.11516,High,93.0,,United States,New York,New York,
12/17/2023,News,我们的江苏网,RiTA 2023 held in Suzhou,"=HYPERLINK(""http://app2.cision.com/redir?s=8500001915092383&startDate=1702692300000&endDate=1702865100000"", ""http://www.ourjiangsu.com/a/20231217/1702778803197.shtml"")",,neutral,23465,15737,39203,0,$73.70164,Low,12.0,,China,Jiangsu,Nanjing,
12/15/2023,News,www.sciencelink.net,Proefschrift met stripverhaal,"=HYPERLINK(""http://app2.cision.com/redir?s=8500001910528345&startDate=1702539960000&endDate=1702712760000"", ""https://www.sciencelink.net/mensen-and-meningen/proefschrift-met-stripverhaal/21725.article"")",Jessica Vermeer,neutral,1655,5877,7533,0,$14.16204,Low,40.0,,United States,,,
12/15/2023,News,news.uark.edu,"U of A Rome Center to Host WoArch 2024 'Women as Builders, Designers, and Critics' Symposium","=HYPERLINK(""http://app2.cision.com/redir?s=8500001910169879&startDate=1702533600000&endDate=1702706400000"", ""https://news.uark.edu/articles/69136/u-of-a-rome-center-to-host-woarch-2024-women-as-builders-designers-and-critics-symposium"")",,neutral,22024,25836,47860,0,$89.9768,Low,73.0,,United States,Arkansas,Fayetteville,
12/12/2023,Blog,multiplatform.ai,Advancements in Robot Intelligence and AI Explored at RiTA 2023 Conference,"=HYPERLINK(""http://app2.cision.com/redir?s=8500001901779427&startDate=1702309980000&endDate=1702482780000"", ""https://multiplatform.ai/advancements-in-robot-intelligence-and-ai-explored-at-rita-2023-conference/"")",Yana,positive,5371,3264,8635,0,$16.2338,Low,24.0,,United States,,,
12/8/2023,News,www.xjtlu.edu.cn,国际机器人智能技术及其应用会议在西浦创业家学院（太仓）举办 - Xi'an Jiaotong-Liverpool University,"=HYPERLINK(""http://app2.cision.com/redir?s=8600003876427177&startDate=1701932520000&endDate=1702105320000"", ""https://www.xjtlu.edu.cn/zh/news/2023/12/rita2023_xjtlu_cn"")",,neutral,47611,40976,88588,0,$166.54544,Low,47.0,,China,,,
12/8/2023,News,Times Higher Education (THE),Associate Dean for Professional Engagement job with XIAN JIAOTONG LIVERPOOL UNIVERSITY (XJTLU),"=HYPERLINK(""http://app2.cision.com/redir?s=8500001889719007&startDate=1701929732000&endDate=1702102532000"", ""https://www.timeshighereducation.com/unijobs/listing/360375/associate-dean-for-professional-engagement/?LinkSource=PremiumListing"")",,positive,915945,1250849,2166794,0,$4073.57272,Medium,82.0,,United Kingdom,,,
12/8/2023,News,www.xjtlu.edu.cn,把照顾绿植宠物和收拾屋子的工作交给机器人吧！西浦学生团队获全国大赛一等奖 - Xi'an Jiaotong-Liverpool University,"=HYPERLINK(""http://app2.cision.com/redir?s=8600003875768953&startDate=1701914640000&endDate=1702087440000"", ""https://www.xjtlu.edu.cn/zh/news/2023/12/zhaogulvzhichongwujiqiren"")",,neutral,47611,40976,88588,0,$166.54544,Low,47.0,,China,,,
12/7/2023,News,www.xjtlu.edu.cn,西浦学者研究表明：参加课外兴趣班未必能使幼儿领先他人 - Xi'an Jiaotong-Liverpool University,"=HYPERLINK(""http://app2.cision.com/redir?s=8600003873712250&startDate=1701842400000&endDate=1702015200000"", ""https://www.xjtlu.edu.cn/zh/news/2023/12/kewaihuodongweibinengshiertonglingxiantaren"")",,neutral,47611,40976,88588,0,$166.54544,Low,47.0,,China,,,
12/6/2023,News,www.benoy.com,Gregory Kovacs Leads Lighting Design Contest with Xi'an Jiaotong - Liverpool University and iGuzzini | News,"=HYPERLINK(""http://app2.cision.com/redir?s=8600003870751215&startDate=1701777600000&endDate=1701950400000"", ""https://www.benoy.com/news/2023/12/gregory-kovacs-leads-lighting-design-contest-with-xian-jiaotong-liverpool-university-and-iguzzini/"")",,positive,6118,2593,8712,0,$16.37856,Low,51.0,,United States,,,
12/6/2023,News,Adkhabar,Kikkoman applies science to crack the code on which Indian ingredients are best paired with Kikkoman Soy Sauce,"=HYPERLINK(""http://app2.cision.com/redir?s=8500001883511582&startDate=1701773139000&endDate=1701945939000"", ""https://adkhabar.com/kikkoman-applies-science-to-crack-the-code-on-which-indian-ingredients-are-best-paired-with-kikkoman-soy-sauce/"")",https://www.facebook.com/AdKhabarCom/,positive,89,500,589,0,$1.10732,Low,4.0,,,,,
12/6/2023,News,www.xjtlu.edu.cn,助力城市可持续发展 西浦学者提出水资源管理新方法 - Xi'an Jiaotong-Liverpool University,"=HYPERLINK(""http://app2.cision.com/redir?s=8600003870951807&startDate=1701766140000&endDate=1701938940000"", ""https://www.xjtlu.edu.cn/zh/news/2023/12/shuiziyuanguanlixinfangfa"")",,neutral,47611,40976,88588,0,$166.54544,Low,47.0,,China,,,
12/6/2023,News,www.xjtlu.edu.cn,西浦学生聚焦视障者社会融入 荣获南风窗2023调研中国年度冠军 - Xi'an Jiaotong-Liverpool University,"=HYPERLINK(""http://app2.cision.com/redir?s=8600003870951167&startDate=1701755400000&endDate=1701928200000"", ""https://www.xjtlu.edu.cn/zh/news/2023/12/xipuxueshengjujiaoshizhangzheshehuirongru"")",,neutral,47611,40976,88588,0,$166.54544,Low,47.0,,China,,,
12/6/2023,News,www.xjtlu.edu.cn,影视艺术学院“电影工业化——思考与实践”主题系列活动 - Xi'an Jiaotong-Liverpool University,"=HYPERLINK(""http://app2.cision.com/redir?s=8600003870305835&startDate=1701752400000&endDate=1701925200000"", ""https://www.xjtlu.edu.cn/zh/events/2023/12/softadianyinggongyehuasikaoyushijian"")",,neutral,47611,40976,88588,0,$166.54544,Low,47.0,,China,,,
12/6/2023,Blog,ELT Calendar Japan,Dec 16 - A Conceptual Toolkit for Language Teaching Practitioners: Applications in the Japanese Context,"=HYPERLINK(""http://app2.cision.com/redir?s=8600003870309537&startDate=1701747840000&endDate=1701920640000"", ""http://www.eltcalendar.com/events/details/8676"")",,positive,1983,2029,4012,0,$7.54256,Low,29.0,,United States,,,
12/6/2023,News,www.xjtlu.edu.cn,Nibble: A bite-sized Exhibition of Transdisciplinary Arts by ATE - Xi'an Jiaotong-Liverpool University,"=HYPERLINK(""http://app2.cision.com/redir?s=8600003870312868&startDate=1701746640000&endDate=1701919440000"", ""https://www.xjtlu.edu.cn/zh/events/2023/12/form_innovation_audience"")",,neutral,47611,40976,88588,0,$166.54544,Low,47.0,,China,,,
12/6/2023,News,www.xjtlu.edu.cn,在西浦应用语言学系就读「多语研究硕士课程」是一种什么样的体验 - Xi'an Jiaotong-Liverpool University,"=HYPERLINK(""http://app2.cision.com/redir?s=8600003870312116&startDate=1701745200000&endDate=1701918000000"", ""https://www.xjtlu.edu.cn/zh/news/2023/12/duoyuyanjiushuoshikecheng"")",,positive,47611,40976,88588,0,$166.54544,Low,47.0,,China,,,
12/6/2023,News,Times Higher Education (THE),Faculty Position in Syntegrative Education job with XIAN JIAOTONG LIVERPOOL UNIVERSITY (XJTLU),"=HYPERLINK(""http://app2.cision.com/redir?s=8500001882565359&startDate=1701745192000&endDate=1701917992000"", ""https://www.timeshighereducation.com/unijobs/listing/360046/faculty-position-in-syntegrative-education/?LinkSource=PremiumListing"")",,positive,915945,1250849,2166794,0,$4073.57272,Medium,82.0,,United Kingdom,,,
12/6/2023,News,Water Industry (KR),글로벌물산업정보센터,"=HYPERLINK(""http://app2.cision.com/redir?s=8500001882370627&startDate=1701738837000&endDate=1701911637000"", ""http://waterindustry.co.kr/overseas/overseas01.php?ptype=view&idx=130056"")",,positive,1317,539,1857,0,$3.49116,Low,3.0,,,,,
12/6/2023,News,www.xjtlu.edu.cn,影视与创意科技学院第二届文化创意产业艺术展 - Xi'an Jiaotong-Liverpool University,"=HYPERLINK(""http://app2.cision.com/redir?s=8600003870313389&startDate=1701738000000&endDate=1701910800000"", ""https://www.xjtlu.edu.cn/zh/events/2023/12/ccidierjiewenhuahcuangyichanyeyishuzhan"")",,neutral,47611,40976,88588,0,$166.54544,Low,47.0,,China,,,
